"Phase,Module,Feature,Status,Priority,Completion,Notes"
"Foundation,Project Setup,Repository Structure,Completed,High,100%,Monorepo with backend/frontend separation"
"Foundation,Project Setup,Git Version Control,Completed,High,100%,Initialized with .gitignore"
"Foundation,Project Setup,Documentation,Completed,Medium,100%,README architecture docs"
"Foundation,Backend,Django Project Setup,Completed,High,100%,Django 4.2+ DRF JWT Auth"
"Foundation,Backend,Database Configuration,Completed,High,100%,PostgreSQL + PostGIS configured"
"Foundation,Backend,Authentication API,Completed,High,100%,Custom User model JWT tokens"
"Foundation,Backend,Organizations Multi-tenancy,Completed,High,100%,Role-based access control"
"Foundation,Frontend,React + TypeScript Setup,Completed,High,100%,CRA with TS template"
"Foundation,Frontend,Tailwind CSS Design System,Completed,High,100%,Custom components"
"Foundation,Frontend,State Management,Completed,High,100%,Zustand + React Query"
"Foundation,Frontend,Routing + Auth UI,Completed,High,100%,React Router v6 protected routes"
"Foundation,DevOps,Environment Setup,Completed,Medium,100%,.env files configured"
"Core Features,Backend,Properties API,Completed,High,100%,CRUD occupancy stats"
"Core Features,Backend,Tenants API,In Progress,Medium,75%,Models ready basic endpoints"
"Core Features,Backend,Payments API,In Progress,Medium,60%,M-Pesa webhooks stubbed"
"Core Features,Backend,Maintenance API,In Progress,Low,50%,Models ready"
"Core Features,Backend,Analytics API,In Progress,Low,40%,Mock data endpoints"
"Core Features,Frontend,Property List UI,Completed,High,100%,Grid view search stats"
"Core Features,Frontend,Dashboard,Completed,High,90%,Stats with mock data"
"Core Features,Frontend,API Integration,In Progress,High,70%,Services created"
"Core Features,Testing,Backend Tests,In Progress,Medium,30%,Pytest configured factories created"
"Core Features,Testing,Frontend Tests,In Progress,Medium,25%,Jest MSW configured"
"Next Phase,Properties,Add Property Form,Pending,High,0%,With validation"
"Next Phase,Properties,Property Detail Page,Pending,High,0%,With units list"
"Next Phase,Properties,Unit CRUD Operations,Pending,High,0%,Add edit delete units"
"Next Phase,Tenants,Tenant Management,Pending,Medium,0%,Profiles leases"
"Next Phase,Payments,M-Pesa Integration,Pending,High,0%,STK Push webhooks"
"Next Phase,Payments,Payment Tracking,Pending,Medium,0%,Invoices receipts"
"Next Phase,Maintenance,Ticketing System,Pending,Medium,0%,Tenant reports issues"
"Next Phase,Analytics,Real Data Dashboard,Pending,Medium,0%,Charts reports"
"Future,Airbnb,Short-term Rentals,Pending,Low,0%,Booking calendar"
"Future,Mobile,PWA Optimization,Pending,Low,0%,Installable app"
"Future,DevOps,Docker Production,Pending,Medium,0%,Full containerization"
"Future,DevOps,Cloud Deployment,Pending,Medium,0%,AWS DigitalOcean"
